CREATE DATABASE  IF NOT EXISTS `security_tool` /*!40100 DEFAULT CHARACTER SET utf8mb4 COLLATE utf8mb4_0900_ai_ci */ /*!80016 DEFAULT ENCRYPTION='N' */;
USE `security_tool`;
-- MySQL dump 10.13  Distrib 8.0.40, for Win64 (x86_64)
--
-- Host: 127.0.0.1    Database: security_tool
-- ------------------------------------------------------
-- Server version	8.0.40

/*!40101 SET @OLD_CHARACTER_SET_CLIENT=@@CHARACTER_SET_CLIENT */;
/*!40101 SET @OLD_CHARACTER_SET_RESULTS=@@CHARACTER_SET_RESULTS */;
/*!40101 SET @OLD_COLLATION_CONNECTION=@@COLLATION_CONNECTION */;
/*!50503 SET NAMES utf8 */;
/*!40103 SET @OLD_TIME_ZONE=@@TIME_ZONE */;
/*!40103 SET TIME_ZONE='+00:00' */;
/*!40014 SET @OLD_UNIQUE_CHECKS=@@UNIQUE_CHECKS, UNIQUE_CHECKS=0 */;
/*!40014 SET @OLD_FOREIGN_KEY_CHECKS=@@FOREIGN_KEY_CHECKS, FOREIGN_KEY_CHECKS=0 */;
/*!40101 SET @OLD_SQL_MODE=@@SQL_MODE, SQL_MODE='NO_AUTO_VALUE_ON_ZERO' */;
/*!40111 SET @OLD_SQL_NOTES=@@SQL_NOTES, SQL_NOTES=0 */;

--
-- Table structure for table `api_endpoints`
--

DROP TABLE IF EXISTS `api_endpoints`;
/*!40101 SET @saved_cs_client     = @@character_set_client */;
/*!50503 SET character_set_client = utf8mb4 */;
CREATE TABLE `api_endpoints` (
                                 `endpoint_id` bigint NOT NULL AUTO_INCREMENT,
                                 `app_id` bigint NOT NULL,
                                 `module_id` bigint DEFAULT NULL,
                                 `business_flow_id` bigint DEFAULT NULL,
                                 `path` varchar(255) NOT NULL,
                                 `method` varchar(10) NOT NULL,
                                 `params` tinytext,
                                 `response_format` tinytext,
                                 `created_at` datetime NOT NULL DEFAULT CURRENT_TIMESTAMP,
                                 `http_method` varchar(10) DEFAULT NULL,
                                 `step_order` int DEFAULT NULL,
                                 PRIMARY KEY (`endpoint_id`),
                                 KEY `fk_endpoint_app` (`app_id`),
                                 KEY `fk_endpoint_module` (`module_id`),
                                 KEY `fk_endpoint_flow` (`business_flow_id`),
                                 CONSTRAINT `fk_endpoint_app` FOREIGN KEY (`app_id`) REFERENCES `target_applications` (`app_id`) ON DELETE CASCADE,
                                 CONSTRAINT `fk_endpoint_flow` FOREIGN KEY (`business_flow_id`) REFERENCES `business_flows` (`flow_id`) ON DELETE SET NULL,
                                 CONSTRAINT `fk_endpoint_module` FOREIGN KEY (`module_id`) REFERENCES `source_code_module` (`module_id`) ON DELETE SET NULL
) ENGINE=InnoDB DEFAULT CHARSET=utf8mb4 COLLATE=utf8mb4_0900_ai_ci;
/*!40101 SET character_set_client = @saved_cs_client */;

--
-- Dumping data for table `api_endpoints`
--

LOCK TABLES `api_endpoints` WRITE;
/*!40000 ALTER TABLE `api_endpoints` DISABLE KEYS */;
/*!40000 ALTER TABLE `api_endpoints` ENABLE KEYS */;
UNLOCK TABLES;

--
-- Table structure for table `business_flows`
--

DROP TABLE IF EXISTS `business_flows`;
/*!40101 SET @saved_cs_client     = @@character_set_client */;
/*!50503 SET character_set_client = utf8mb4 */;
CREATE TABLE `business_flows` (
                                  `flow_id` bigint NOT NULL AUTO_INCREMENT,
                                  `app_id` bigint NOT NULL,
                                  `flow_name` varchar(100) NOT NULL,
                                  `flow_description` tinytext,
                                  `created_at` datetime NOT NULL DEFAULT CURRENT_TIMESTAMP,
                                  `api_endpoints` text,
                                  `result_id` int DEFAULT NULL,
                                  `updated_at` datetime NOT NULL DEFAULT CURRENT_TIMESTAMP,
                                  PRIMARY KEY (`flow_id`),
                                  KEY `fk_flow_app` (`app_id`),
                                  CONSTRAINT `fk_flow_app` FOREIGN KEY (`app_id`) REFERENCES `target_applications` (`app_id`) ON DELETE CASCADE
) ENGINE=InnoDB AUTO_INCREMENT=29 DEFAULT CHARSET=utf8mb4 COLLATE=utf8mb4_0900_ai_ci;
/*!40101 SET character_set_client = @saved_cs_client */;

--
-- Dumping data for table `business_flows`
--

LOCK TABLES `business_flows` WRITE;
/*!40000 ALTER TABLE `business_flows` DISABLE KEYS */;
INSERT INTO `business_flows` VALUES (20,10,'Place Order Flow','User can place order, tracking their order','2025-06-05 21:43:59','[{\"endpoint\":\"/api/orders\",\"httpMethod\":\"POST\",\"params\":\"orderQuantity >= stockQuantity\"},{\"endpoint\":\"/api/orders/tracking\",\"httpMethod\":\"POST\",\"params\":\"orderId != null\"}]',79,'2025-06-08 05:38:37'),(21,10,'Review Flow','User can review after their order status was set to complete','2025-06-05 21:51:21','[{\"endpoint\":\"/api/orders/reviews\",\"httpMethod\":\"POST\",\"params\":\"orderStatus == COMPLETED\"}]',74,'2025-06-08 05:38:19'),(22,10,'Authentication flow','User can login/register/change password with an account','2025-06-05 21:55:04','[{\"endpoint\":\"/api/auth/login\",\"httpMethod\":\"POST\",\"params\":\"userName != null && password != null\"},{\"endpoint\":\"/api/auth/register\",\"httpMethod\":\"GET\",\"params\":\"\"}]',74,'2025-06-08 05:38:32'),(23,10,'Search Flow','User can search for products by Keywords','2025-06-07 10:19:26','[{\"endpoint\":\"/api/products/search\",\"httpMethod\":\"GET\",\"params\":\"keyword != null\"}]',74,'2025-06-10 15:26:13'),(28,10,'Tracking order','user can track their order','2025-06-10 21:18:45','[{\"endpoint\":\"/api/orders/tracking\",\"httpMethod\":\"GET\",\"params\":\"orderId != null\"}]',74,'2025-06-10 14:18:45');
/*!40000 ALTER TABLE `business_flows` ENABLE KEYS */;
UNLOCK TABLES;

--
-- Table structure for table `scan_configurations`
--

DROP TABLE IF EXISTS `scan_configurations`;
/*!40101 SET @saved_cs_client     = @@character_set_client */;
/*!50503 SET character_set_client = utf8mb4 */;
CREATE TABLE `scan_configurations` (
                                       `config_id` bigint NOT NULL AUTO_INCREMENT,
                                       `app_id` bigint NOT NULL,
                                       `sonarqube_config` tinytext,
                                       `zap_config` tinytext,
                                       `custom_rules` tinytext,
                                       `created_at` datetime NOT NULL DEFAULT CURRENT_TIMESTAMP,
                                       `updated_at` datetime NOT NULL DEFAULT CURRENT_TIMESTAMP ON UPDATE CURRENT_TIMESTAMP,
                                       PRIMARY KEY (`config_id`),
                                       KEY `fk_config_app` (`app_id`),
                                       CONSTRAINT `fk_config_app` FOREIGN KEY (`app_id`) REFERENCES `target_applications` (`app_id`) ON DELETE CASCADE
) ENGINE=InnoDB DEFAULT CHARSET=utf8mb4 COLLATE=utf8mb4_0900_ai_ci;
/*!40101 SET character_set_client = @saved_cs_client */;

--
-- Dumping data for table `scan_configurations`
--

LOCK TABLES `scan_configurations` WRITE;
/*!40000 ALTER TABLE `scan_configurations` DISABLE KEYS */;
/*!40000 ALTER TABLE `scan_configurations` ENABLE KEYS */;
UNLOCK TABLES;

--
-- Table structure for table `scan_results`
--

DROP TABLE IF EXISTS `scan_results`;
/*!40101 SET @saved_cs_client     = @@character_set_client */;
/*!50503 SET character_set_client = utf8mb4 */;
CREATE TABLE `scan_results` (
                                `result_id` bigint NOT NULL AUTO_INCREMENT,
                                `app_id` bigint NOT NULL,
                                `scan_date` datetime NOT NULL DEFAULT CURRENT_TIMESTAMP,
                                `scan_type` varchar(50) NOT NULL,
                                `status` varchar(50) NOT NULL,
                                `summary` tinytext,
                                `raw_response` json DEFAULT NULL,
                                `created_at` datetime NOT NULL DEFAULT CURRENT_TIMESTAMP,
                                PRIMARY KEY (`result_id`),
                                KEY `fk_result_app` (`app_id`),
                                CONSTRAINT `fk_result_app` FOREIGN KEY (`app_id`) REFERENCES `target_applications` (`app_id`) ON DELETE CASCADE
) ENGINE=InnoDB AUTO_INCREMENT=90 DEFAULT CHARSET=utf8mb4 COLLATE=utf8mb4_0900_ai_ci;
/*!40101 SET character_set_client = @saved_cs_client */;

--
-- Dumping data for table `scan_results`
--

LOCK TABLES `scan_results` WRITE;
/*!40000 ALTER TABLE `scan_results` DISABLE KEYS */;
INSERT INTO `scan_results` VALUES (74,10,'2025-05-24 12:02:54','static','completed','bugs:bad, code_smells:bad, security_hotspots:bad, coverage:bad, reliability_rating:bad, sqale_debt_ratio:bad, duplicated_lines_density:bad, security_rating:good, vulnerabilities:good',NULL,'2025-05-24 19:02:53'),(75,10,'2025-05-24 12:03:03','dynamic','completed','\"Missing Anti-clickjacking Header\",\"Content Security Policy (CSP) Header Not Set\",\"Cross-Domain Misconfiguration\",\"Modern Web Application\",\"X-Content-Type-Options Header Missing\"',NULL,'2025-05-24 19:03:02'),(76,10,'2025-05-26 13:23:21','dynamic','completed','',NULL,'2025-05-26 20:23:20'),(77,10,'2025-05-26 13:23:25','dynamic','completed','\"Missing Anti-clickjacking Header\",\"Content Security Policy (CSP) Header Not Set\",\"Cross-Domain Misconfiguration\",\"Modern Web Application\",\"X-Content-Type-Options Header Missing\"',NULL,'2025-05-26 20:23:25'),(78,14,'2025-05-26 15:42:31','dynamic','completed','',NULL,'2025-05-26 22:42:31'),(79,10,'2025-05-27 03:27:43','static','completed','bugs:bad, vulnerabilities:good, security_rating:good, coverage:bad, duplicated_lines_density:bad, reliability_rating:bad, code_smells:bad, security_hotspots:bad, sqale_debt_ratio:bad',NULL,'2025-05-27 10:27:42'),(80,10,'2025-05-27 03:32:08','dynamic','completed','\"Missing Anti-clickjacking Header\",\"Content Security Policy (CSP) Header Not Set\",\"Cross-Domain Misconfiguration\",\"Modern Web Application\",\"X-Content-Type-Options Header Missing\"',NULL,'2025-05-27 10:32:08'),(81,10,'2025-05-27 16:02:27','dynamic','completed','\"Missing Anti-clickjacking Header\",\"Content Security Policy (CSP) Header Not Set\",\"Cross-Domain Misconfiguration\",\"Modern Web Application\",\"X-Content-Type-Options Header Missing\"',NULL,'2025-05-27 23:02:27'),(82,14,'2025-05-29 16:31:42','dynamic','completed','\"Missing Anti-clickjacking Header\",\"Re-examine Cache-control Directives\",\"Content Security Policy (CSP) Header Not Set\",\"Cross-Domain Misconfiguration\",\"Information Disclosure - Suspicious Comments\"',NULL,'2025-05-29 23:31:41'),(83,14,'2025-05-30 16:50:27','dynamic','completed','\"Missing Anti-clickjacking Header\",\"Re-examine Cache-control Directives\",\"Content Security Policy (CSP) Header Not Set\",\"Cross-Domain Misconfiguration\",\"Information Disclosure - Suspicious Comments\"',NULL,'2025-05-30 23:50:26'),(84,14,'2025-06-04 16:57:23','dynamic','completed','',NULL,'2025-06-04 23:57:22'),(85,10,'2025-06-04 16:58:14','dynamic','completed','',NULL,'2025-06-04 23:58:13'),(86,10,'2025-06-04 17:34:36','dynamic','completed','\"Missing Anti-clickjacking Header\",\"Content Security Policy (CSP) Header Not Set\",\"Cross-Domain Misconfiguration\",\"Modern Web Application\",\"X-Content-Type-Options Header Missing\"',NULL,'2025-06-05 00:34:35'),(87,10,'2025-06-05 00:26:53','static','completed','code_smells:bad, reliability_rating:bad, security_rating:good, duplicated_lines_density:bad, security_hotspots:bad, coverage:bad, bugs:bad, sqale_debt_ratio:bad, vulnerabilities:good',NULL,'2025-06-05 07:26:52'),(88,14,'2025-06-06 17:02:00','dynamic','completed','',NULL,'2025-06-07 00:01:59'),(89,14,'2025-06-06 17:13:50','dynamic','completed','\"Missing Anti-clickjacking Header\",\"Re-examine Cache-control Directives\",\"Content Security Policy (CSP) Header Not Set\",\"Cross-Domain Misconfiguration\",\"Information Disclosure - Suspicious Comments\"',NULL,'2025-06-07 00:13:50');
/*!40000 ALTER TABLE `scan_results` ENABLE KEYS */;
UNLOCK TABLES;

--
-- Table structure for table `security_issues`
--

DROP TABLE IF EXISTS `security_issues`;
/*!40101 SET @saved_cs_client     = @@character_set_client */;
/*!50503 SET character_set_client = utf8mb4 */;
CREATE TABLE `security_issues` (
                                   `issue_id` bigint NOT NULL AUTO_INCREMENT,
                                   `result_id` bigint NOT NULL,
                                   `endpoint_id` bigint DEFAULT NULL,
                                   `issue_type` varchar(100) NOT NULL,
                                   `severity` varchar(50) NOT NULL,
                                   `description` longtext,
                                   `status` varchar(50) NOT NULL DEFAULT 'open',
                                   `created_at` datetime NOT NULL DEFAULT CURRENT_TIMESTAMP,
                                   `module_id` int DEFAULT NULL,
                                   `solution` longtext,
                                   `app_id` int DEFAULT NULL,
                                   `reference` longtext,
                                   PRIMARY KEY (`issue_id`),
                                   KEY `fk_issue_result` (`result_id`),
                                   KEY `fk_issue_endpoint` (`endpoint_id`),
                                   CONSTRAINT `fk_issue_endpoint` FOREIGN KEY (`endpoint_id`) REFERENCES `api_endpoints` (`endpoint_id`) ON DELETE SET NULL,
                                   CONSTRAINT `fk_issue_result` FOREIGN KEY (`result_id`) REFERENCES `scan_results` (`result_id`) ON DELETE CASCADE
) ENGINE=InnoDB AUTO_INCREMENT=360 DEFAULT CHARSET=utf8mb4 COLLATE=utf8mb4_0900_ai_ci;
/*!40101 SET character_set_client = @saved_cs_client */;

--
-- Dumping data for table `security_issues`
--

LOCK TABLES `security_issues` WRITE;
/*!40000 ALTER TABLE `security_issues` DISABLE KEYS */;
INSERT INTO `security_issues` VALUES (293,74,NULL,'SonarQube','Medium','Found 5 bugs in the code','Fix as soon as possible','2025-05-24 19:02:53',NULL,'Analyze the bugs reported by SonarQube. Understand the logical error or incorrect behavior. Debug the code, fix the root cause, and add unit tests to prevent regressions.',10,NULL),(294,74,NULL,'SonarQube','Low','Found 163 code smells','Plan fix','2025-05-24 19:02:53',NULL,'Examine the code smells. These indicate maintainability issues. Refactor the code according to SonarQube\'s suggestions or general clean code principles (e.g., reduce complexity, improve naming, remove duplication).',10,NULL),(295,74,NULL,'SonarQube','High','Found 10 security hotspots to review','Fix immediately','2025-05-24 19:02:53',NULL,'Security hotspots are security-sensitive pieces of code that require manual review. Carefully examine each hotspot to confirm whether it\'s a true vulnerability. If it is, apply appropriate security measures. If not, mark it as \'Safe\' in SonarQube.',10,NULL),(296,74,NULL,'SonarQube','Low','Code coverage is only 0.0%','Plan fix','2025-05-24 19:02:53',NULL,'Increase test coverage by writing more unit and integration tests for the untested parts of the codebase. Aim for a higher coverage percentage to ensure code reliability and catch regressions early.',10,NULL),(297,74,NULL,'SonarQube','Medium','Reliability rating is 4.0 (1=best, 5=worst)','Fix as soon as possible','2025-05-24 19:02:53',NULL,'Improve code reliability by addressing the underlying issues causing a poor rating (likely bugs or bad practices). Focus on fixing bugs and improving code quality to achieve a better reliability rating (closer to A).',10,NULL),(298,74,NULL,'SonarQube','Low','Technical debt ratio is 0.5%','Plan fix','2025-05-24 19:02:53',NULL,'Lower the technical debt ratio by addressing code smells, bugs, and vulnerabilities. Prioritize fixing issues that contribute most to the debt. This improves long-term maintainability and reduces development costs.',10,NULL),(299,74,NULL,'SonarQube','Low','Code duplication is 1.7%','Plan fix','2025-05-24 19:02:53',NULL,'Reduce code duplication by refactoring duplicated blocks into reusable methods, functions, or classes. This improves maintainability and reduces the risk of inconsistencies.',10,NULL),(300,75,NULL,'Zap','Medium','The response does not protect against \'ClickJacking\' attacks. It should include either Content-Security-Policy with \'frame-ancestors\' directive or X-Frame-Options.','Fix as soon as possible','2025-05-24 19:03:02',NULL,'Modern Web browsers support the Content-Security-Policy and X-Frame-Options HTTP headers. Ensure one of them is set on all web pages returned by your site/app. If you expect the page to be framed only by pages on your server (e.g. it\'s part of a FRAMESET) then you\'ll want to use SAMEORIGIN, otherwise if you never expect the page to be framed, you should use DENY. Alternatively consider implementing Content Security Policy\'s \"frame-ancestors\" directive.',10,'https://developer.mozilla.org/en-US/docs/Web/HTTP/Headers/X-Frame-Options'),(301,75,NULL,'Zap','Medium','Content Security Policy (CSP) is an added layer of security that helps to detect and mitigate certain types of attacks, including Cross Site Scripting (XSS) and data injection attacks. These attacks are used for everything from data theft to site defacement or distribution of malware. CSP provides a set of standard HTTP headers that allow website owners to declare approved sources of content that browsers should be allowed to load on that page — covered types are JavaScript, CSS, HTML frames, fonts, images and embeddable objects such as Java applets, ActiveX, audio and video files.','Fix as soon as possible','2025-05-24 19:03:02',NULL,'Ensure that your web server, application server, load balancer, etc. is configured to set the Content-Security-Policy header.',10,'https://developer.mozilla.org/en-US/docs/Web/Security/CSP/Introducing_Content_Security_Policy\nhttps://cheatsheetseries.owasp.org/cheatsheets/Content_Security_Policy_Cheat_Sheet.html\nhttps://www.w3.org/TR/CSP/\nhttps://w3c.github.io/webappsec-csp/\nhttps://web.dev/articles/csp\nhttps://caniuse.com/#feat=contentsecuritypolicy\nhttps://content-security-policy.com/'),(302,75,NULL,'Zap','Medium','Web browser data loading may be possible, due to a Cross Origin Resource Sharing (CORS) misconfiguration on the web server.','Fix as soon as possible','2025-05-24 19:03:02',NULL,'Ensure that sensitive data is not available in an unauthenticated manner (using IP address white-listing, for instance). Configure the \"Access-Control-Allow-Origin\" HTTP header to a more restrictive set of domains, or remove all CORS headers entirely, to allow the web browser to enforce the Same Origin Policy (SOP) in a more restrictive manner.',10,'https://vulncat.fortify.com/en/detail?id=desc.config.dotnet.html5_overly_permissive_cors_policy'),(303,75,NULL,'Zap','Informational','The application appears to be a modern web application. If you need to explore it automatically then the Ajax Spider may well be more effective than the standard one.','Review & Monitor','2025-05-24 19:03:02',NULL,'This is an informational alert and so no changes are required.',10,''),(304,75,NULL,'Zap','Low','The Anti-MIME-Sniffing header X-Content-Type-Options was not set to \'nosniff\'. This allows older versions of Internet Explorer and Chrome to perform MIME-sniffing on the response body, potentially causing the response body to be interpreted and displayed as a content type other than the declared content type. Current (early 2014) and legacy versions of Firefox will use the declared content type (if one is set), rather than performing MIME-sniffing.','Plan fix','2025-05-24 19:03:03',NULL,'Ensure that the application/web server sets the Content-Type header appropriately, and that it sets the X-Content-Type-Options header to \'nosniff\' for all web pages. If possible, ensure that the end user uses a standards-compliant and modern web browser that does not perform MIME-sniffing at all, or that can be directed by the web application/web server to not perform MIME-sniffing.',10,'https://learn.microsoft.com/en-us/previous-versions/windows/internet-explorer/ie-developer/compatibility/gg622941(v=vs.85)\nhttps://owasp.org/www-community/Security_Headers'),(305,77,NULL,'Zap','Medium','The response does not protect against \'ClickJacking\' attacks. It should include either Content-Security-Policy with \'frame-ancestors\' directive or X-Frame-Options.','Fix as soon as possible','2025-05-26 20:23:25',NULL,'Modern Web browsers support the Content-Security-Policy and X-Frame-Options HTTP headers. Ensure one of them is set on all web pages returned by your site/app. If you expect the page to be framed only by pages on your server (e.g. it\'s part of a FRAMESET) then you\'ll want to use SAMEORIGIN, otherwise if you never expect the page to be framed, you should use DENY. Alternatively consider implementing Content Security Policy\'s \"frame-ancestors\" directive.',10,'https://developer.mozilla.org/en-US/docs/Web/HTTP/Headers/X-Frame-Options'),(306,77,NULL,'Zap','Medium','Content Security Policy (CSP) is an added layer of security that helps to detect and mitigate certain types of attacks, including Cross Site Scripting (XSS) and data injection attacks. These attacks are used for everything from data theft to site defacement or distribution of malware. CSP provides a set of standard HTTP headers that allow website owners to declare approved sources of content that browsers should be allowed to load on that page — covered types are JavaScript, CSS, HTML frames, fonts, images and embeddable objects such as Java applets, ActiveX, audio and video files.','Fix as soon as possible','2025-05-26 20:23:25',NULL,'Ensure that your web server, application server, load balancer, etc. is configured to set the Content-Security-Policy header.',10,'https://developer.mozilla.org/en-US/docs/Web/Security/CSP/Introducing_Content_Security_Policy\nhttps://cheatsheetseries.owasp.org/cheatsheets/Content_Security_Policy_Cheat_Sheet.html\nhttps://www.w3.org/TR/CSP/\nhttps://w3c.github.io/webappsec-csp/\nhttps://web.dev/articles/csp\nhttps://caniuse.com/#feat=contentsecuritypolicy\nhttps://content-security-policy.com/'),(307,77,NULL,'Zap','Medium','Web browser data loading may be possible, due to a Cross Origin Resource Sharing (CORS) misconfiguration on the web server.','Fix as soon as possible','2025-05-26 20:23:25',NULL,'Ensure that sensitive data is not available in an unauthenticated manner (using IP address white-listing, for instance). Configure the \"Access-Control-Allow-Origin\" HTTP header to a more restrictive set of domains, or remove all CORS headers entirely, to allow the web browser to enforce the Same Origin Policy (SOP) in a more restrictive manner.',10,'https://vulncat.fortify.com/en/detail?id=desc.config.dotnet.html5_overly_permissive_cors_policy'),(308,77,NULL,'Zap','Informational','The application appears to be a modern web application. If you need to explore it automatically then the Ajax Spider may well be more effective than the standard one.','Review & Monitor','2025-05-26 20:23:25',NULL,'This is an informational alert and so no changes are required.',10,''),(309,77,NULL,'Zap','Low','The Anti-MIME-Sniffing header X-Content-Type-Options was not set to \'nosniff\'. This allows older versions of Internet Explorer and Chrome to perform MIME-sniffing on the response body, potentially causing the response body to be interpreted and displayed as a content type other than the declared content type. Current (early 2014) and legacy versions of Firefox will use the declared content type (if one is set), rather than performing MIME-sniffing.','Plan fix','2025-05-26 20:23:25',NULL,'Ensure that the application/web server sets the Content-Type header appropriately, and that it sets the X-Content-Type-Options header to \'nosniff\' for all web pages. If possible, ensure that the end user uses a standards-compliant and modern web browser that does not perform MIME-sniffing at all, or that can be directed by the web application/web server to not perform MIME-sniffing.',10,'https://learn.microsoft.com/en-us/previous-versions/windows/internet-explorer/ie-developer/compatibility/gg622941(v=vs.85)\nhttps://owasp.org/www-community/Security_Headers'),(310,79,NULL,'SonarQube','Medium','Found 5 bugs in the code','Fix as soon as possible','2025-05-27 10:27:42',NULL,'Analyze the bugs reported by SonarQube. Understand the logical error or incorrect behavior. Debug the code, fix the root cause, and add unit tests to prevent regressions.',10,NULL),(311,79,NULL,'SonarQube','Low','Code coverage is only 0.0%','Plan fix','2025-05-27 10:27:42',NULL,'Increase test coverage by writing more unit and integration tests for the untested parts of the codebase. Aim for a higher coverage percentage to ensure code reliability and catch regressions early.',10,NULL),(312,79,NULL,'SonarQube','Low','Code duplication is 1.7%','Plan fix','2025-05-27 10:27:42',NULL,'Reduce code duplication by refactoring duplicated blocks into reusable methods, functions, or classes. This improves maintainability and reduces the risk of inconsistencies.',10,NULL),(313,79,NULL,'SonarQube','Medium','Reliability rating is 4.0 (1=best, 5=worst)','Fix as soon as possible','2025-05-27 10:27:42',NULL,'Improve code reliability by addressing the underlying issues causing a poor rating (likely bugs or bad practices). Focus on fixing bugs and improving code quality to achieve a better reliability rating (closer to A).',10,NULL),(314,79,NULL,'SonarQube','Low','Found 163 code smells','Plan fix','2025-05-27 10:27:42',NULL,'Examine the code smells. These indicate maintainability issues. Refactor the code according to SonarQube\'s suggestions or general clean code principles (e.g., reduce complexity, improve naming, remove duplication).',10,NULL),(315,79,NULL,'SonarQube','High','Found 10 security hotspots to review','Fix immediately','2025-05-27 10:27:42',NULL,'Security hotspots are security-sensitive pieces of code that require manual review. Carefully examine each hotspot to confirm whether it\'s a true vulnerability. If it is, apply appropriate security measures. If not, mark it as \'Safe\' in SonarQube.',10,NULL),(316,79,NULL,'SonarQube','Low','Technical debt ratio is 0.5%','Plan fix','2025-05-27 10:27:42',NULL,'Lower the technical debt ratio by addressing code smells, bugs, and vulnerabilities. Prioritize fixing issues that contribute most to the debt. This improves long-term maintainability and reduces development costs.',10,NULL),(317,80,NULL,'Zap','Medium','The response does not protect against \'ClickJacking\' attacks. It should include either Content-Security-Policy with \'frame-ancestors\' directive or X-Frame-Options.','Fix as soon as possible','2025-05-27 10:32:08',NULL,'Modern Web browsers support the Content-Security-Policy and X-Frame-Options HTTP headers. Ensure one of them is set on all web pages returned by your site/app. If you expect the page to be framed only by pages on your server (e.g. it\'s part of a FRAMESET) then you\'ll want to use SAMEORIGIN, otherwise if you never expect the page to be framed, you should use DENY. Alternatively consider implementing Content Security Policy\'s \"frame-ancestors\" directive.',10,'https://developer.mozilla.org/en-US/docs/Web/HTTP/Headers/X-Frame-Options'),(318,80,NULL,'Zap','Medium','Content Security Policy (CSP) is an added layer of security that helps to detect and mitigate certain types of attacks, including Cross Site Scripting (XSS) and data injection attacks. These attacks are used for everything from data theft to site defacement or distribution of malware. CSP provides a set of standard HTTP headers that allow website owners to declare approved sources of content that browsers should be allowed to load on that page — covered types are JavaScript, CSS, HTML frames, fonts, images and embeddable objects such as Java applets, ActiveX, audio and video files.','Fix as soon as possible','2025-05-27 10:32:08',NULL,'Ensure that your web server, application server, load balancer, etc. is configured to set the Content-Security-Policy header.',10,'https://developer.mozilla.org/en-US/docs/Web/Security/CSP/Introducing_Content_Security_Policy\nhttps://cheatsheetseries.owasp.org/cheatsheets/Content_Security_Policy_Cheat_Sheet.html\nhttps://www.w3.org/TR/CSP/\nhttps://w3c.github.io/webappsec-csp/\nhttps://web.dev/articles/csp\nhttps://caniuse.com/#feat=contentsecuritypolicy\nhttps://content-security-policy.com/'),(319,80,NULL,'Zap','Medium','Web browser data loading may be possible, due to a Cross Origin Resource Sharing (CORS) misconfiguration on the web server.','Fix as soon as possible','2025-05-27 10:32:08',NULL,'Ensure that sensitive data is not available in an unauthenticated manner (using IP address white-listing, for instance). Configure the \"Access-Control-Allow-Origin\" HTTP header to a more restrictive set of domains, or remove all CORS headers entirely, to allow the web browser to enforce the Same Origin Policy (SOP) in a more restrictive manner.',10,'https://vulncat.fortify.com/en/detail?id=desc.config.dotnet.html5_overly_permissive_cors_policy'),(320,80,NULL,'Zap','Informational','The application appears to be a modern web application. If you need to explore it automatically then the Ajax Spider may well be more effective than the standard one.','Review & Monitor','2025-05-27 10:32:08',NULL,'This is an informational alert and so no changes are required.',10,''),(321,80,NULL,'Zap','Low','The Anti-MIME-Sniffing header X-Content-Type-Options was not set to \'nosniff\'. This allows older versions of Internet Explorer and Chrome to perform MIME-sniffing on the response body, potentially causing the response body to be interpreted and displayed as a content type other than the declared content type. Current (early 2014) and legacy versions of Firefox will use the declared content type (if one is set), rather than performing MIME-sniffing.','Plan fix','2025-05-27 10:32:08',NULL,'Ensure that the application/web server sets the Content-Type header appropriately, and that it sets the X-Content-Type-Options header to \'nosniff\' for all web pages. If possible, ensure that the end user uses a standards-compliant and modern web browser that does not perform MIME-sniffing at all, or that can be directed by the web application/web server to not perform MIME-sniffing.',10,'https://learn.microsoft.com/en-us/previous-versions/windows/internet-explorer/ie-developer/compatibility/gg622941(v=vs.85)\nhttps://owasp.org/www-community/Security_Headers'),(322,81,NULL,'Zap','Medium','The response does not protect against \'ClickJacking\' attacks. It should include either Content-Security-Policy with \'frame-ancestors\' directive or X-Frame-Options.','Fix as soon as possible','2025-05-27 23:02:27',NULL,'Modern Web browsers support the Content-Security-Policy and X-Frame-Options HTTP headers. Ensure one of them is set on all web pages returned by your site/app. If you expect the page to be framed only by pages on your server (e.g. it\'s part of a FRAMESET) then you\'ll want to use SAMEORIGIN, otherwise if you never expect the page to be framed, you should use DENY. Alternatively consider implementing Content Security Policy\'s \"frame-ancestors\" directive.',10,'https://developer.mozilla.org/en-US/docs/Web/HTTP/Headers/X-Frame-Options'),(323,81,NULL,'Zap','Medium','Content Security Policy (CSP) is an added layer of security that helps to detect and mitigate certain types of attacks, including Cross Site Scripting (XSS) and data injection attacks. These attacks are used for everything from data theft to site defacement or distribution of malware. CSP provides a set of standard HTTP headers that allow website owners to declare approved sources of content that browsers should be allowed to load on that page — covered types are JavaScript, CSS, HTML frames, fonts, images and embeddable objects such as Java applets, ActiveX, audio and video files.','Fix as soon as possible','2025-05-27 23:02:27',NULL,'Ensure that your web server, application server, load balancer, etc. is configured to set the Content-Security-Policy header.',10,'https://developer.mozilla.org/en-US/docs/Web/Security/CSP/Introducing_Content_Security_Policy\nhttps://cheatsheetseries.owasp.org/cheatsheets/Content_Security_Policy_Cheat_Sheet.html\nhttps://www.w3.org/TR/CSP/\nhttps://w3c.github.io/webappsec-csp/\nhttps://web.dev/articles/csp\nhttps://caniuse.com/#feat=contentsecuritypolicy\nhttps://content-security-policy.com/'),(324,81,NULL,'Zap','Medium','Web browser data loading may be possible, due to a Cross Origin Resource Sharing (CORS) misconfiguration on the web server.','Fix as soon as possible','2025-05-27 23:02:27',NULL,'Ensure that sensitive data is not available in an unauthenticated manner (using IP address white-listing, for instance). Configure the \"Access-Control-Allow-Origin\" HTTP header to a more restrictive set of domains, or remove all CORS headers entirely, to allow the web browser to enforce the Same Origin Policy (SOP) in a more restrictive manner.',10,'https://vulncat.fortify.com/en/detail?id=desc.config.dotnet.html5_overly_permissive_cors_policy'),(325,81,NULL,'Zap','Informational','The application appears to be a modern web application. If you need to explore it automatically then the Ajax Spider may well be more effective than the standard one.','Review & Monitor','2025-05-27 23:02:27',NULL,'This is an informational alert and so no changes are required.',10,''),(326,81,NULL,'Zap','Low','The Anti-MIME-Sniffing header X-Content-Type-Options was not set to \'nosniff\'. This allows older versions of Internet Explorer and Chrome to perform MIME-sniffing on the response body, potentially causing the response body to be interpreted and displayed as a content type other than the declared content type. Current (early 2014) and legacy versions of Firefox will use the declared content type (if one is set), rather than performing MIME-sniffing.','Plan fix','2025-05-27 23:02:27',NULL,'Ensure that the application/web server sets the Content-Type header appropriately, and that it sets the X-Content-Type-Options header to \'nosniff\' for all web pages. If possible, ensure that the end user uses a standards-compliant and modern web browser that does not perform MIME-sniffing at all, or that can be directed by the web application/web server to not perform MIME-sniffing.',10,'https://learn.microsoft.com/en-us/previous-versions/windows/internet-explorer/ie-developer/compatibility/gg622941(v=vs.85)\nhttps://owasp.org/www-community/Security_Headers'),(327,82,NULL,'Zap','Medium','The response does not protect against \'ClickJacking\' attacks. It should include either Content-Security-Policy with \'frame-ancestors\' directive or X-Frame-Options.','Fix as soon as possible','2025-05-29 23:31:41',NULL,'Modern Web browsers support the Content-Security-Policy and X-Frame-Options HTTP headers. Ensure one of them is set on all web pages returned by your site/app. If you expect the page to be framed only by pages on your server (e.g. it\'s part of a FRAMESET) then you\'ll want to use SAMEORIGIN, otherwise if you never expect the page to be framed, you should use DENY. Alternatively consider implementing Content Security Policy\'s \"frame-ancestors\" directive.',14,'https://developer.mozilla.org/en-US/docs/Web/HTTP/Headers/X-Frame-Options'),(328,82,NULL,'Zap','Informational','The cache-control header has not been set properly or is missing, allowing the browser and proxies to cache content. For static assets like css, js, or image files this might be intended, however, the resources should be reviewed to ensure that no sensitive content will be cached.','Review & Monitor','2025-05-29 23:31:41',NULL,'For secure content, ensure the cache-control HTTP header is set with \"no-cache, no-store, must-revalidate\". If an asset should be cached consider setting the directives \"public, max-age, immutable\".',14,'https://cheatsheetseries.owasp.org/cheatsheets/Session_Management_Cheat_Sheet.html#web-content-caching\nhttps://developer.mozilla.org/en-US/docs/Web/HTTP/Headers/Cache-Control\nhttps://grayduck.mn/2021/09/13/cache-control-recommendations/'),(329,82,NULL,'Zap','Medium','Content Security Policy (CSP) is an added layer of security that helps to detect and mitigate certain types of attacks, including Cross Site Scripting (XSS) and data injection attacks. These attacks are used for everything from data theft to site defacement or distribution of malware. CSP provides a set of standard HTTP headers that allow website owners to declare approved sources of content that browsers should be allowed to load on that page — covered types are JavaScript, CSS, HTML frames, fonts, images and embeddable objects such as Java applets, ActiveX, audio and video files.','Fix as soon as possible','2025-05-29 23:31:41',NULL,'Ensure that your web server, application server, load balancer, etc. is configured to set the Content-Security-Policy header.',14,'https://developer.mozilla.org/en-US/docs/Web/Security/CSP/Introducing_Content_Security_Policy\nhttps://cheatsheetseries.owasp.org/cheatsheets/Content_Security_Policy_Cheat_Sheet.html\nhttps://www.w3.org/TR/CSP/\nhttps://w3c.github.io/webappsec-csp/\nhttps://web.dev/articles/csp\nhttps://caniuse.com/#feat=contentsecuritypolicy\nhttps://content-security-policy.com/'),(330,82,NULL,'Zap','Medium','Web browser data loading may be possible, due to a Cross Origin Resource Sharing (CORS) misconfiguration on the web server.','Fix as soon as possible','2025-05-29 23:31:41',NULL,'Ensure that sensitive data is not available in an unauthenticated manner (using IP address white-listing, for instance). Configure the \"Access-Control-Allow-Origin\" HTTP header to a more restrictive set of domains, or remove all CORS headers entirely, to allow the web browser to enforce the Same Origin Policy (SOP) in a more restrictive manner.',14,'https://vulncat.fortify.com/en/detail?id=desc.config.dotnet.html5_overly_permissive_cors_policy'),(331,82,NULL,'Zap','Informational','The response appears to contain suspicious comments which may help an attacker.','Review & Monitor','2025-05-29 23:31:41',NULL,'Remove all comments that return information that may help an attacker and fix any underlying problems they refer to.',14,''),(332,82,NULL,'Zap','Informational','The content was retrieved from a shared cache. If the response data is sensitive, personal or user-specific, this may result in sensitive information being leaked. In some cases, this may even result in a user gaining complete control of the session of another user, depending on the configuration of the caching components in use in their environment. This is primarily an issue where caching servers such as \"proxy\" caches are configured on the local network. This configuration is typically found in corporate or educational environments, for instance.','Review & Monitor','2025-05-29 23:31:41',NULL,'Validate that the response does not contain sensitive, personal or user-specific information. If it does, consider the use of the following HTTP response headers, to limit, or prevent the content being stored and retrieved from the cache by another user: Cache-Control: no-cache, no-store, must-revalidate, private Pragma: no-cache Expires: 0 This configuration directs both HTTP 1.0 and HTTP 1.1 compliant caching servers to not store the response, and to not retrieve the response (without validation) from the cache, in response to a similar request.',14,'https://tools.ietf.org/html/rfc7234\nhttps://tools.ietf.org/html/rfc7231\nhttps://www.rfc-editor.org/rfc/rfc9110.html'),(333,82,NULL,'Zap','Low','The Anti-MIME-Sniffing header X-Content-Type-Options was not set to \'nosniff\'. This allows older versions of Internet Explorer and Chrome to perform MIME-sniffing on the response body, potentially causing the response body to be interpreted and displayed as a content type other than the declared content type. Current (early 2014) and legacy versions of Firefox will use the declared content type (if one is set), rather than performing MIME-sniffing.','Plan fix','2025-05-29 23:31:41',NULL,'Ensure that the application/web server sets the Content-Type header appropriately, and that it sets the X-Content-Type-Options header to \'nosniff\' for all web pages. If possible, ensure that the end user uses a standards-compliant and modern web browser that does not perform MIME-sniffing at all, or that can be directed by the web application/web server to not perform MIME-sniffing.',14,'https://learn.microsoft.com/en-us/previous-versions/windows/internet-explorer/ie-developer/compatibility/gg622941(v=vs.85)\nhttps://owasp.org/www-community/Security_Headers'),(334,83,NULL,'Zap','Medium','The response does not protect against \'ClickJacking\' attacks. It should include either Content-Security-Policy with \'frame-ancestors\' directive or X-Frame-Options.','Fix as soon as possible','2025-05-30 23:50:26',NULL,'Modern Web browsers support the Content-Security-Policy and X-Frame-Options HTTP headers. Ensure one of them is set on all web pages returned by your site/app. If you expect the page to be framed only by pages on your server (e.g. it\'s part of a FRAMESET) then you\'ll want to use SAMEORIGIN, otherwise if you never expect the page to be framed, you should use DENY. Alternatively consider implementing Content Security Policy\'s \"frame-ancestors\" directive.',14,'https://developer.mozilla.org/en-US/docs/Web/HTTP/Headers/X-Frame-Options'),(335,83,NULL,'Zap','Informational','The cache-control header has not been set properly or is missing, allowing the browser and proxies to cache content. For static assets like css, js, or image files this might be intended, however, the resources should be reviewed to ensure that no sensitive content will be cached.','Review & Monitor','2025-05-30 23:50:26',NULL,'For secure content, ensure the cache-control HTTP header is set with \"no-cache, no-store, must-revalidate\". If an asset should be cached consider setting the directives \"public, max-age, immutable\".',14,'https://cheatsheetseries.owasp.org/cheatsheets/Session_Management_Cheat_Sheet.html#web-content-caching\nhttps://developer.mozilla.org/en-US/docs/Web/HTTP/Headers/Cache-Control\nhttps://grayduck.mn/2021/09/13/cache-control-recommendations/'),(336,83,NULL,'Zap','Medium','Content Security Policy (CSP) is an added layer of security that helps to detect and mitigate certain types of attacks, including Cross Site Scripting (XSS) and data injection attacks. These attacks are used for everything from data theft to site defacement or distribution of malware. CSP provides a set of standard HTTP headers that allow website owners to declare approved sources of content that browsers should be allowed to load on that page — covered types are JavaScript, CSS, HTML frames, fonts, images and embeddable objects such as Java applets, ActiveX, audio and video files.','Fix as soon as possible','2025-05-30 23:50:26',NULL,'Ensure that your web server, application server, load balancer, etc. is configured to set the Content-Security-Policy header.',14,'https://developer.mozilla.org/en-US/docs/Web/Security/CSP/Introducing_Content_Security_Policy\nhttps://cheatsheetseries.owasp.org/cheatsheets/Content_Security_Policy_Cheat_Sheet.html\nhttps://www.w3.org/TR/CSP/\nhttps://w3c.github.io/webappsec-csp/\nhttps://web.dev/articles/csp\nhttps://caniuse.com/#feat=contentsecuritypolicy\nhttps://content-security-policy.com/'),(337,83,NULL,'Zap','Medium','Web browser data loading may be possible, due to a Cross Origin Resource Sharing (CORS) misconfiguration on the web server.','Fix as soon as possible','2025-05-30 23:50:26',NULL,'Ensure that sensitive data is not available in an unauthenticated manner (using IP address white-listing, for instance). Configure the \"Access-Control-Allow-Origin\" HTTP header to a more restrictive set of domains, or remove all CORS headers entirely, to allow the web browser to enforce the Same Origin Policy (SOP) in a more restrictive manner.',14,'https://vulncat.fortify.com/en/detail?id=desc.config.dotnet.html5_overly_permissive_cors_policy'),(338,83,NULL,'Zap','Informational','The response appears to contain suspicious comments which may help an attacker.','Review & Monitor','2025-05-30 23:50:26',NULL,'Remove all comments that return information that may help an attacker and fix any underlying problems they refer to.',14,''),(339,83,NULL,'Zap','Informational','The content was retrieved from a shared cache. If the response data is sensitive, personal or user-specific, this may result in sensitive information being leaked. In some cases, this may even result in a user gaining complete control of the session of another user, depending on the configuration of the caching components in use in their environment. This is primarily an issue where caching servers such as \"proxy\" caches are configured on the local network. This configuration is typically found in corporate or educational environments, for instance.','Review & Monitor','2025-05-30 23:50:26',NULL,'Validate that the response does not contain sensitive, personal or user-specific information. If it does, consider the use of the following HTTP response headers, to limit, or prevent the content being stored and retrieved from the cache by another user: Cache-Control: no-cache, no-store, must-revalidate, private Pragma: no-cache Expires: 0 This configuration directs both HTTP 1.0 and HTTP 1.1 compliant caching servers to not store the response, and to not retrieve the response (without validation) from the cache, in response to a similar request.',14,'https://tools.ietf.org/html/rfc7234\nhttps://tools.ietf.org/html/rfc7231\nhttps://www.rfc-editor.org/rfc/rfc9110.html'),(340,83,NULL,'Zap','Low','The Anti-MIME-Sniffing header X-Content-Type-Options was not set to \'nosniff\'. This allows older versions of Internet Explorer and Chrome to perform MIME-sniffing on the response body, potentially causing the response body to be interpreted and displayed as a content type other than the declared content type. Current (early 2014) and legacy versions of Firefox will use the declared content type (if one is set), rather than performing MIME-sniffing.','Plan fix','2025-05-30 23:50:26',NULL,'Ensure that the application/web server sets the Content-Type header appropriately, and that it sets the X-Content-Type-Options header to \'nosniff\' for all web pages. If possible, ensure that the end user uses a standards-compliant and modern web browser that does not perform MIME-sniffing at all, or that can be directed by the web application/web server to not perform MIME-sniffing.',14,'https://learn.microsoft.com/en-us/previous-versions/windows/internet-explorer/ie-developer/compatibility/gg622941(v=vs.85)\nhttps://owasp.org/www-community/Security_Headers'),(341,86,NULL,'Zap','Medium','The response does not protect against \'ClickJacking\' attacks. It should include either Content-Security-Policy with \'frame-ancestors\' directive or X-Frame-Options.','Fix as soon as possible','2025-06-05 00:34:35',NULL,'Modern Web browsers support the Content-Security-Policy and X-Frame-Options HTTP headers. Ensure one of them is set on all web pages returned by your site/app. If you expect the page to be framed only by pages on your server (e.g. it\'s part of a FRAMESET) then you\'ll want to use SAMEORIGIN, otherwise if you never expect the page to be framed, you should use DENY. Alternatively consider implementing Content Security Policy\'s \"frame-ancestors\" directive.',10,'https://developer.mozilla.org/en-US/docs/Web/HTTP/Headers/X-Frame-Options'),(342,86,NULL,'Zap','Medium','Content Security Policy (CSP) is an added layer of security that helps to detect and mitigate certain types of attacks, including Cross Site Scripting (XSS) and data injection attacks. These attacks are used for everything from data theft to site defacement or distribution of malware. CSP provides a set of standard HTTP headers that allow website owners to declare approved sources of content that browsers should be allowed to load on that page — covered types are JavaScript, CSS, HTML frames, fonts, images and embeddable objects such as Java applets, ActiveX, audio and video files.','Fix as soon as possible','2025-06-05 00:34:35',NULL,'Ensure that your web server, application server, load balancer, etc. is configured to set the Content-Security-Policy header.',10,'https://developer.mozilla.org/en-US/docs/Web/Security/CSP/Introducing_Content_Security_Policy\nhttps://cheatsheetseries.owasp.org/cheatsheets/Content_Security_Policy_Cheat_Sheet.html\nhttps://www.w3.org/TR/CSP/\nhttps://w3c.github.io/webappsec-csp/\nhttps://web.dev/articles/csp\nhttps://caniuse.com/#feat=contentsecuritypolicy\nhttps://content-security-policy.com/'),(343,86,NULL,'Zap','Medium','Web browser data loading may be possible, due to a Cross Origin Resource Sharing (CORS) misconfiguration on the web server.','Fix as soon as possible','2025-06-05 00:34:35',NULL,'Ensure that sensitive data is not available in an unauthenticated manner (using IP address white-listing, for instance). Configure the \"Access-Control-Allow-Origin\" HTTP header to a more restrictive set of domains, or remove all CORS headers entirely, to allow the web browser to enforce the Same Origin Policy (SOP) in a more restrictive manner.',10,'https://vulncat.fortify.com/en/detail?id=desc.config.dotnet.html5_overly_permissive_cors_policy'),(344,86,NULL,'Zap','Informational','The application appears to be a modern web application. If you need to explore it automatically then the Ajax Spider may well be more effective than the standard one.','Review & Monitor','2025-06-05 00:34:35',NULL,'This is an informational alert and so no changes are required.',10,''),(345,86,NULL,'Zap','Low','The Anti-MIME-Sniffing header X-Content-Type-Options was not set to \'nosniff\'. This allows older versions of Internet Explorer and Chrome to perform MIME-sniffing on the response body, potentially causing the response body to be interpreted and displayed as a content type other than the declared content type. Current (early 2014) and legacy versions of Firefox will use the declared content type (if one is set), rather than performing MIME-sniffing.','Plan fix','2025-06-05 00:34:35',NULL,'Ensure that the application/web server sets the Content-Type header appropriately, and that it sets the X-Content-Type-Options header to \'nosniff\' for all web pages. If possible, ensure that the end user uses a standards-compliant and modern web browser that does not perform MIME-sniffing at all, or that can be directed by the web application/web server to not perform MIME-sniffing.',10,'https://learn.microsoft.com/en-us/previous-versions/windows/internet-explorer/ie-developer/compatibility/gg622941(v=vs.85)\nhttps://owasp.org/www-community/Security_Headers'),(346,87,NULL,'SonarQube','Low','Found 163 code smells','Plan fix','2025-06-05 07:26:52',NULL,'Examine the code smells. These indicate maintainability issues. Refactor the code according to SonarQube\'s suggestions or general clean code principles (e.g., reduce complexity, improve naming, remove duplication).',10,NULL),(347,87,NULL,'SonarQube','Medium','Reliability rating is 4.0 (1=best, 5=worst)','Fix as soon as possible','2025-06-05 07:26:52',NULL,'Improve code reliability by addressing the underlying issues causing a poor rating (likely bugs or bad practices). Focus on fixing bugs and improving code quality to achieve a better reliability rating (closer to A).',10,NULL),(348,87,NULL,'SonarQube','Low','Code duplication is 1.7%','Plan fix','2025-06-05 07:26:52',NULL,'Reduce code duplication by refactoring duplicated blocks into reusable methods, functions, or classes. This improves maintainability and reduces the risk of inconsistencies.',10,NULL),(349,87,NULL,'SonarQube','High','Found 10 security hotspots to review','Fix immediately','2025-06-05 07:26:52',NULL,'Security hotspots are security-sensitive pieces of code that require manual review. Carefully examine each hotspot to confirm whether it\'s a true vulnerability. If it is, apply appropriate security measures. If not, mark it as \'Safe\' in SonarQube.',10,NULL),(350,87,NULL,'SonarQube','Low','Code coverage is only 0.0%','Plan fix','2025-06-05 07:26:52',NULL,'Increase test coverage by writing more unit and integration tests for the untested parts of the codebase. Aim for a higher coverage percentage to ensure code reliability and catch regressions early.',10,NULL),(351,87,NULL,'SonarQube','Medium','Found 5 bugs in the code','Fix as soon as possible','2025-06-05 07:26:52',NULL,'Analyze the bugs reported by SonarQube. Understand the logical error or incorrect behavior. Debug the code, fix the root cause, and add unit tests to prevent regressions.',10,NULL),(352,87,NULL,'SonarQube','Low','Technical debt ratio is 0.5%','Plan fix','2025-06-05 07:26:52',NULL,'Lower the technical debt ratio by addressing code smells, bugs, and vulnerabilities. Prioritize fixing issues that contribute most to the debt. This improves long-term maintainability and reduces development costs.',10,NULL),(353,89,NULL,'Zap','Medium','The response does not protect against \'ClickJacking\' attacks. It should include either Content-Security-Policy with \'frame-ancestors\' directive or X-Frame-Options.','Fix as soon as possible','2025-06-07 00:13:50',NULL,'Modern Web browsers support the Content-Security-Policy and X-Frame-Options HTTP headers. Ensure one of them is set on all web pages returned by your site/app. If you expect the page to be framed only by pages on your server (e.g. it\'s part of a FRAMESET) then you\'ll want to use SAMEORIGIN, otherwise if you never expect the page to be framed, you should use DENY. Alternatively consider implementing Content Security Policy\'s \"frame-ancestors\" directive.',14,'https://developer.mozilla.org/en-US/docs/Web/HTTP/Headers/X-Frame-Options'),(354,89,NULL,'Zap','Informational','The cache-control header has not been set properly or is missing, allowing the browser and proxies to cache content. For static assets like css, js, or image files this might be intended, however, the resources should be reviewed to ensure that no sensitive content will be cached.','Review & Monitor','2025-06-07 00:13:50',NULL,'For secure content, ensure the cache-control HTTP header is set with \"no-cache, no-store, must-revalidate\". If an asset should be cached consider setting the directives \"public, max-age, immutable\".',14,'https://cheatsheetseries.owasp.org/cheatsheets/Session_Management_Cheat_Sheet.html#web-content-caching\nhttps://developer.mozilla.org/en-US/docs/Web/HTTP/Headers/Cache-Control\nhttps://grayduck.mn/2021/09/13/cache-control-recommendations/'),(355,89,NULL,'Zap','Medium','Content Security Policy (CSP) is an added layer of security that helps to detect and mitigate certain types of attacks, including Cross Site Scripting (XSS) and data injection attacks. These attacks are used for everything from data theft to site defacement or distribution of malware. CSP provides a set of standard HTTP headers that allow website owners to declare approved sources of content that browsers should be allowed to load on that page — covered types are JavaScript, CSS, HTML frames, fonts, images and embeddable objects such as Java applets, ActiveX, audio and video files.','Fix as soon as possible','2025-06-07 00:13:50',NULL,'Ensure that your web server, application server, load balancer, etc. is configured to set the Content-Security-Policy header.',14,'https://developer.mozilla.org/en-US/docs/Web/Security/CSP/Introducing_Content_Security_Policy\nhttps://cheatsheetseries.owasp.org/cheatsheets/Content_Security_Policy_Cheat_Sheet.html\nhttps://www.w3.org/TR/CSP/\nhttps://w3c.github.io/webappsec-csp/\nhttps://web.dev/articles/csp\nhttps://caniuse.com/#feat=contentsecuritypolicy\nhttps://content-security-policy.com/'),(356,89,NULL,'Zap','Medium','Web browser data loading may be possible, due to a Cross Origin Resource Sharing (CORS) misconfiguration on the web server.','Fix as soon as possible','2025-06-07 00:13:50',NULL,'Ensure that sensitive data is not available in an unauthenticated manner (using IP address white-listing, for instance). Configure the \"Access-Control-Allow-Origin\" HTTP header to a more restrictive set of domains, or remove all CORS headers entirely, to allow the web browser to enforce the Same Origin Policy (SOP) in a more restrictive manner.',14,'https://vulncat.fortify.com/en/detail?id=desc.config.dotnet.html5_overly_permissive_cors_policy'),(357,89,NULL,'Zap','Informational','The response appears to contain suspicious comments which may help an attacker.','Review & Monitor','2025-06-07 00:13:50',NULL,'Remove all comments that return information that may help an attacker and fix any underlying problems they refer to.',14,''),(358,89,NULL,'Zap','Informational','The content was retrieved from a shared cache. If the response data is sensitive, personal or user-specific, this may result in sensitive information being leaked. In some cases, this may even result in a user gaining complete control of the session of another user, depending on the configuration of the caching components in use in their environment. This is primarily an issue where caching servers such as \"proxy\" caches are configured on the local network. This configuration is typically found in corporate or educational environments, for instance.','Review & Monitor','2025-06-07 00:13:50',NULL,'Validate that the response does not contain sensitive, personal or user-specific information. If it does, consider the use of the following HTTP response headers, to limit, or prevent the content being stored and retrieved from the cache by another user: Cache-Control: no-cache, no-store, must-revalidate, private Pragma: no-cache Expires: 0 This configuration directs both HTTP 1.0 and HTTP 1.1 compliant caching servers to not store the response, and to not retrieve the response (without validation) from the cache, in response to a similar request.',14,'https://tools.ietf.org/html/rfc7234\nhttps://tools.ietf.org/html/rfc7231\nhttps://www.rfc-editor.org/rfc/rfc9110.html'),(359,89,NULL,'Zap','Low','The Anti-MIME-Sniffing header X-Content-Type-Options was not set to \'nosniff\'. This allows older versions of Internet Explorer and Chrome to perform MIME-sniffing on the response body, potentially causing the response body to be interpreted and displayed as a content type other than the declared content type. Current (early 2014) and legacy versions of Firefox will use the declared content type (if one is set), rather than performing MIME-sniffing.','Plan fix','2025-06-07 00:13:50',NULL,'Ensure that the application/web server sets the Content-Type header appropriately, and that it sets the X-Content-Type-Options header to \'nosniff\' for all web pages. If possible, ensure that the end user uses a standards-compliant and modern web browser that does not perform MIME-sniffing at all, or that can be directed by the web application/web server to not perform MIME-sniffing.',14,'https://learn.microsoft.com/en-us/previous-versions/windows/internet-explorer/ie-developer/compatibility/gg622941(v=vs.85)\nhttps://owasp.org/www-community/Security_Headers');
/*!40000 ALTER TABLE `security_issues` ENABLE KEYS */;
UNLOCK TABLES;

--
-- Table structure for table `source_code_module`
--

DROP TABLE IF EXISTS `source_code_module`;
/*!40101 SET @saved_cs_client     = @@character_set_client */;
/*!50503 SET character_set_client = utf8mb4 */;
CREATE TABLE `source_code_module` (
                                      `module_id` bigint NOT NULL AUTO_INCREMENT,
                                      `app_id` bigint NOT NULL,
                                      `module_name` varchar(255) NOT NULL,
                                      `repository_path` varchar(255) NOT NULL,
                                      `description` varchar(255) DEFAULT NULL,
                                      `created_at` datetime NOT NULL DEFAULT CURRENT_TIMESTAMP,
                                      `updated_at` datetime NOT NULL DEFAULT CURRENT_TIMESTAMP ON UPDATE CURRENT_TIMESTAMP,
                                      PRIMARY KEY (`module_id`),
                                      KEY `fk_module_app` (`app_id`),
                                      CONSTRAINT `fk_module_app` FOREIGN KEY (`app_id`) REFERENCES `target_applications` (`app_id`) ON DELETE CASCADE
) ENGINE=InnoDB DEFAULT CHARSET=utf8mb4 COLLATE=utf8mb4_0900_ai_ci;
/*!40101 SET character_set_client = @saved_cs_client */;

--
-- Dumping data for table `source_code_module`
--

LOCK TABLES `source_code_module` WRITE;
/*!40000 ALTER TABLE `source_code_module` DISABLE KEYS */;
/*!40000 ALTER TABLE `source_code_module` ENABLE KEYS */;
UNLOCK TABLES;

--
-- Table structure for table `target_applications`
--

DROP TABLE IF EXISTS `target_applications`;
/*!40101 SET @saved_cs_client     = @@character_set_client */;
/*!50503 SET character_set_client = utf8mb4 */;
CREATE TABLE `target_applications` (
                                       `app_id` bigint NOT NULL AUTO_INCREMENT,
                                       `app_name` varchar(255) NOT NULL,
                                       `app_url` varchar(255) NOT NULL,
                                       `base_path` varchar(100) DEFAULT NULL,
                                       `auth_info` varchar(512) DEFAULT NULL,
                                       `scan_status` varchar(50) NOT NULL DEFAULT 'pending',
                                       `created_at` datetime NOT NULL DEFAULT CURRENT_TIMESTAMP,
                                       `updated_at` datetime NOT NULL DEFAULT CURRENT_TIMESTAMP ON UPDATE CURRENT_TIMESTAMP,
                                       `description` varchar(1024) DEFAULT NULL,
                                       `tech_stack` varchar(256) DEFAULT NULL,
                                       PRIMARY KEY (`app_id`)
) ENGINE=InnoDB AUTO_INCREMENT=16 DEFAULT CHARSET=utf8mb4 COLLATE=utf8mb4_0900_ai_ci;
/*!40101 SET character_set_client = @saved_cs_client */;

--
-- Dumping data for table `target_applications`
--

LOCK TABLES `target_applications` WRITE;
/*!40000 ALTER TABLE `target_applications` DISABLE KEYS */;
INSERT INTO `target_applications` VALUES (10,'BookStore-Ecommerce','http://localhost:5173',NULL,'squ_6bd78f8b131135e7fd64d345b5f32f0a9fe9779a','pending','2025-05-11 15:09:10','2025-06-10 15:28:01','An Website that  readers can order books as they want to buy','React.js, Java Spring Boot, MySQL'),(14,'Hostel Management','https://hostel-management-ecru.vercel.app',NULL,'abcdefdfdfdfdfdfd','pending','2025-05-22 16:10:40','2025-06-10 15:02:33','testing','React.js, Java Spring Boot, MySQL'),(15,'test','http/localhost:3000',NULL,'abcdefgh','pending','2025-05-27 14:38:37','2025-05-31 02:05:40','this is test description','');
/*!40000 ALTER TABLE `target_applications` ENABLE KEYS */;
UNLOCK TABLES;

--
-- Table structure for table `users`
--

DROP TABLE IF EXISTS `users`;
/*!40101 SET @saved_cs_client     = @@character_set_client */;
/*!50503 SET character_set_client = utf8mb4 */;
CREATE TABLE `users` (
                         `id` int NOT NULL AUTO_INCREMENT,
                         `created_at` datetime(6) DEFAULT NULL,
                         `email` varchar(100) NOT NULL,
                         `enabled` bit(1) NOT NULL,
                         `major` varchar(50) DEFAULT NULL,
                         `password` varchar(255) NOT NULL,
                         `phone` varchar(20) DEFAULT NULL,
                         `updated_at` datetime(6) DEFAULT NULL,
                         `username` varchar(50) NOT NULL,
                         `verification_token` varchar(255) DEFAULT NULL,
                         `company_name` varchar(100) DEFAULT NULL,
                         `must_change_password` bit(1) NOT NULL,
                         PRIMARY KEY (`id`),
                         UNIQUE KEY `UK6dotkott2kjsp8vw4d0m25fb7` (`email`),
                         UNIQUE KEY `UKr43af9ap4edm43mmtq01oddj6` (`username`)
) ENGINE=InnoDB AUTO_INCREMENT=10 DEFAULT CHARSET=utf8mb4 COLLATE=utf8mb4_0900_ai_ci;
/*!40101 SET character_set_client = @saved_cs_client */;

--
-- Dumping data for table `users`
--

LOCK TABLES `users` WRITE;
/*!40000 ALTER TABLE `users` DISABLE KEYS */;
INSERT INTO `users` VALUES (7,'2025-06-04 16:55:13.126049','viethoah928@gmail.com',_binary '','Software Engineer','$2a$10$QvNhsLRIaxJltARa2u8Wc.KBonzdfFWgu8k6BLL06PHmIwDCfJV/e','0916006634','2025-06-04 16:55:13.126049','hoanguyen02','fedccd74-261f-474e-b33b-e84085b6f51c','Đại học Bách Khoa Hà Nội',_binary '\0'),(8,'2025-06-05 11:40:58.338891','viethoa0411@gmail.com',_binary '','Security Analyst','$2a$10$ROpLfJMkc7lWTChCWy1P4uLIz26A6giW9Y6ggr3g63fxy74SE1lEO','012345678','2025-06-10 14:53:28.392050','HoaNguyen','8c69a729-3903-4269-8b49-fe160fac0824','Đại học Bách Khoa Hà Nội',_binary '\0'),(9,'2025-06-08 05:26:01.982655','maupro2002@gmail.com',_binary '','Software Engineer','$2a$10$3KBOsZkiAU9U6.3G2kndFeRqPa6Q18LJn.x0KNq9w6PLZbTyF7ibG','0916006634','2025-06-08 05:26:01.982655','HoaNguyen03','199d5222-d9dc-49d3-8034-22cf672e45f5','Đại học Bách Khoa Hà Nội',_binary '\0');
/*!40000 ALTER TABLE `users` ENABLE KEYS */;
UNLOCK TABLES;
/*!40103 SET TIME_ZONE=@OLD_TIME_ZONE */;

/*!40101 SET SQL_MODE=@OLD_SQL_MODE */;
/*!40014 SET FOREIGN_KEY_CHECKS=@OLD_FOREIGN_KEY_CHECKS */;
/*!40014 SET UNIQUE_CHECKS=@OLD_UNIQUE_CHECKS */;
/*!40101 SET CHARACTER_SET_CLIENT=@OLD_CHARACTER_SET_CLIENT */;
/*!40101 SET CHARACTER_SET_RESULTS=@OLD_CHARACTER_SET_RESULTS */;
/*!40101 SET COLLATION_CONNECTION=@OLD_COLLATION_CONNECTION */;
/*!40111 SET SQL_NOTES=@OLD_SQL_NOTES */;

-- Dump completed on 2025-06-15 14:30:35
